<NotepadPlus>
    <Session activeView="0">
        <mainView activeIndex="0">
            <File firstVisibleLine="0" xOffset="0" scrollWidth="165264" startPos="196" endPos="206" selMode="0" lang="Normal Text" encoding="65001" filename="C:\Users\shivamg\Desktop\Imp_doc.txt" backupFilePath="C:\Users\shivamg\AppData\Roaming\Notepad++\backup\Imp_doc.txt@2019-04-29_144724" originalFileLastModifTimestamp="1556361941" />
            <File firstVisibleLine="211" xOffset="0" scrollWidth="165264" startPos="17183" endPos="16909" selMode="0" lang="Normal Text" encoding="-1" filename="C:\Users\shivamg\Desktop\important_txt.txt" backupFilePath="C:\Users\shivamg\AppData\Roaming\Notepad++\backup\important_txt.txt@2018-12-26_171329" originalFileLastModifTimestamp="0" />
            <File firstVisibleLine="0" xOffset="0" scrollWidth="156810" startPos="509" endPos="357" selMode="0" lang="Normal Text" encoding="-1" filename="new 4" backupFilePath="C:\Users\shivamg\AppData\Roaming\Notepad++\backup\new 4@2019-03-06_100903" originalFileLastModifTimestamp="0" />
            <File firstVisibleLine="0" xOffset="0" scrollWidth="165264" startPos="76" endPos="92" selMode="0" lang="Normal Text" encoding="-1" filename="new 1" backupFilePath="C:\Users\shivamg\AppData\Roaming\Notepad++\backup\new 1@2019-04-05_110608" originalFileLastModifTimestamp="0" />
            <File firstVisibleLine="0" xOffset="0" scrollWidth="165264" startPos="100" endPos="101" selMode="0" lang="Normal Text" encoding="-1" filename="new 2" backupFilePath="C:\Users\shivamg\AppData\Roaming\Notepad++\backup\new 2@2019-07-30_134357" originalFileLastModifTimestamp="0" />
            <File firstVisibleLine="64" xOffset="0" scrollWidth="165264" startPos="4548" endPos="4548" selMode="0" lang="Normal Text" encoding="-1" filename="new 3" backupFilePath="C:\Users\shivamg\AppData\Roaming\Notepad++\backup\new 3@2019-08-07_125102" originalFileLastModifTimestamp="0" />
        </mainView>
        <subView activeIndex="0" />
    </Session>
</NotepadPlus>
